Xstart,Ystart,Nit,Nfev,Ngev,Nhev,StopReason
1.0,0.0,155,1,156,155,OK Found solution
0.6180339887498949,1.902113032590307,5059,1,5060,5059,OK Found solution
-2.427050983124842,1.7633557568774196,10000,0,10001,10000,Iteration limit reached
-3.23606797749979,-2.351141009169892,10000,0,10001,10000,Iteration limit reached
1.5450849718747361,-4.755282581475768,10000,0,10001,10000,Iteration limit reached
